<?xml version="1.0" encoding="UTF-8"?>
<jcr:root xmlns:jcr="http://www.jcp.org/jcr/1.0" xmlns:nt="http://www.jcp.org/jcr/nt/1.0"
    jcr:primaryType="nt:unstructured"
    id="root">
    <xmleditor/>
    <assets/>
    <tools
        jcr:primaryType="nt:unstructured"
        jcr:title="Tools"
        id="cq-tools"
        order="{Long}200">
        <cloudservices/>
        <acs-commons/>
        <xmladdonconfigurations/>
        <aem-demo-utils/>
        <acs-tools/>
        <operations jcr:primaryType="nt:unstructured">
            <executequery
                jcr:description="Execute user-defined query"
                jcr:primaryType="nt:unstructured"
                jcr:title="Execute Query"
                href="/content/tools/executequery.html"
                icon="globeSearch"
                id="cq-execute-query"/>
        </operations>
    </tools>
</jcr:root>
