<?xml version="1.0" encoding="UTF-8"?>
<jcr:root xmlns:jcr="http://www.jcp.org/jcr/1.0" xmlns:nt="http://www.jcp.org/jcr/nt/1.0"
    jcr:primaryType="nt:unstructured"
    id="root">
    <xmleditor/>
    <assets/>
    <tools
        jcr:primaryType="nt:unstructured"
        jcr:title="Tools"
        id="cq-tools"
        order="{Long}200">
        <xmladdonconfigurations/>
        <acs-tools/>
        <operations jcr:primaryType="nt:unstructured">
            <executequery/>
            <purgexltnlaunches/>
            <purgelaunches/>
            <purgeusers
                jcr:description="Purge users under the path /home/users/dmaf-sadi-users"
                jcr:primaryType="nt:unstructured"
                jcr:title="Purge DMAF SADI Users"
                href="/content/tools/purgeusers.html"
                icon="gears"
                id="cq-purge-users"/>
        </operations>
    </tools>
</jcr:root>
